step	edge	phi(0..7)	newly_added_witness_steps
1	01	0,1,2,3,4,5,6,7	-
2	08	0,8,1,3,4,6,5,7	1
3	25	2,5,0,1,6,7,8,3	1,2
4	07	0,7,1,3,4,6,5,2	1,3
5	09	0,9,4,8,7,10,5,3	4
6	16	1,6,0,4,3,7,2,5	1,3
7	18	1,8,0,9,5,3,7,10	1,4,5
8	03	0,3,1,8,2,5,6,4	1,3,6,7
9	05	0,5,3,2,8,4,1,6	2,3,6,7,8
10	06	0,6,3,2,8,4,1,5	2,3,7,8
11	010	0,10,6,7,8,3,1,5	2,6,7,10
12	12	1,2,0,5,8,6,3,7	1,3,7,8,9
13	14	1,4,0,5,6,8,2,3	1,6,9
14	17	1,7,0,3,4,6,5,2	1,3,8,9,13
15	19	1,9,0,10,6,8,2,3	1,6,11
16	110	1,10,0,3,6,7,2,5	1,3,6,8
17	24	2,4,0,5,6,8,1,3	1,6,9
18	27	2,7,0,3,4,6,1,8	1,7,8,13,17
19	28	2,8,0,3,4,6,1,7	1,8,13,14,17
20	29	2,9,0,1,4,8,5,3	1,9,15,17
21	210	2,10,0,3,6,7,1,5	1,6,8
22	34	3,4,0,1,8,6,2,7	1,8,13,14,18,19
23	36	3,6,0,2,4,8,1,9	1,8,13,15,20,22
24	39	3,9,0,2,6,8,1,4	1,6,8,13,17,20,23
25	47	4,7,1,5,2,6,0,3	1,8,13,17,23
26	49	4,9,1,8,2,10,0,3	1,7,8,13,17,21
27	410	4,10,1,7,2,9,0,3	1,8,13,14,17,20,24
28	56	5,6,1,4,3,7,0,2	1,8,13,17,18
29	58	5,8,1,4,3,6,0,2	1,8,13,17,23
30	59	5,9,1,4,3,8,0,2	1,8,13,17,19,26
31	510	5,10,1,4,3,7,0,2	1,8,13,17,18,27
32	69	6,9,2,4,3,5,0,1	1,8,13,17,23,26,30
33	610	6,10,2,4,3,5,0,1	1,8,13,17,23,27,31
34	78	7,8,2,4,3,5,0,1	1,8,13,17,18,29
35	79	7,9,2,4,3,5,0,1	1,8,13,17,18,26,30
36	810	8,10,2,4,3,5,0,1	1,8,13,17,19,27,31
